{"num_reps": 10, "num_users_mat": [1, 5, 10, 20, 30, 40, 50, 60], "channel_err_vec": [0.0, 0.05, 0.1, 0.15], "beacon_rx_time_means": [[54.04703147415371, 57.0981001592006, 61.73420970259819, 63.1120811860402], [54.2137870789572, 56.868019337987505, 61.357360515688605, 63.138892743651], [55.575967755441994, 57.62104460005789, 61.5978989081291, 65.8061022679585], [62.1455185137642, 65.7181288391509, 68.5676031975611, 70.8678400499659], [70.25911866799692, 73.61049959421821, 80.24843398897269, 84.0615930333835], [80.17105663201728, 81.6687996979772, 86.4218928916176, 92.303727964157], [88.4178438394153, 95.4882827518059, 96.4818200866468, 98.3688624794332], [99.6521928823299, 98.8496112532516, 106.8834320410836, 107.0244671388975]], "beacon_rx_time_err": [[0.2026536490514701, 0.721107044445553, 1.773312731027545, 2.237880103560272], [0.2316955176016009, 0.9562765975055427, 2.3016354215982844, 2.368797979950145], [0.23484839059284468, 1.1744589836140804, 1.5981333650817788, 2.328690372427289], [0.5457694344958028, 1.1857323015060786, 1.8907818438923272, 3.2020686752299525], [0.8851651701510121, 1.483353395442208, 2.7064584988600444, 3.3460879929957343], [2.4911875416941314, 1.8010678949772796, 2.5109564592181215, 6.2254663764523315], [2.2577235980720047, 4.670594788486085, 3.4274509274067952, 5.103996750218471], [3.296584475042465, 3.0121236745121394, 5.370413724610771, 2.8121100078516434]], "reception_rate_mat": [[[1.0, 1.0, 1.0, 1.0, 1.0, 1.0, 0.9891304347826086, 1.0, 1.0, 1.0], [0.967032967032967, 0.9239130434782609, 0.9565217391304348, 0.9347826086956522, 0.9239130434782609, 0.9456521739130435, 0.978021978021978, 0.9130434782608695, 0.9456521739130435, 0.9347826086956522], [0.8791208791208791, 0.8478260869565217, 0.9347826086956522, 0.9021739130434783, 0.8369565217391305, 0.8804347826086957, 0.9347826086956522, 0.8461538461538461, 0.8586956521739131, 0.8586956521739131], [0.9130434782608695, 0.8478260869565217, 0.8586956521739131, 0.7912087912087912, 0.8681318681318682, 0.8494623655913979, 0.7717391304347826, 0.8913043478260869, 0.8695652173913043, 0.8260869565217391]], [[0.9956140350877193, 0.9956331877729258, 0.9956140350877193, 1.0, 1.0, 0.9978213507625272, 0.9978118161925602, 0.9912472647702407, 0.9956331877729258, 0.9956236323851203], [0.9347826086956522, 0.9606126914660832, 0.9478260869565217, 0.9409190371991247, 0.9606986899563319, 0.9475982532751092, 0.9276315789473685, 0.9518599562363238, 0.9475982532751092, 0.9369565217391305], [0.9215686274509803, 0.8801742919389978, 0.9104803493449781, 0.8796498905908097, 0.8956521739130435, 0.888402625820569, 0.9039301310043668, 0.8976034858387799, 0.9061135371179039, 0.8842794759825328], [0.851528384279476, 0.8468271334792122, 0.8126361655773421, 0.8739130434782608, 0.8758169934640523, 0.8624454148471615, 0.8867102396514162, 0.8391304347826087, 0.8583877995642701, 0.8169934640522876]], [[0.9921436588103255, 0.9932810750279956, 0.9955106621773289, 0.9943883277216611, 0.9921787709497206, 0.9943946188340808, 0.9944071588366891, 0.9921612541993281, 0.9944071588366891, 0.9899665551839465], [0.9441964285714286, 0.9494949494949495, 0.9463687150837988, 0.9530201342281879, 0.9450056116722784, 0.9461279461279462, 0.9463087248322147, 0.9475446428571429, 0.9318435754189944, 0.9393258426966292], [0.8824188129899216, 0.8960893854748604, 0.9013452914798207, 0.887402452619844, 0.8928571428571429, 0.9017857142857143, 0.8723404255319149, 0.9006696428571429, 0.8850446428571429, 0.9014557670772676], [0.8431590656284761, 0.8374439461883408, 0.843400447427293, 0.8147321428571429, 0.8483835005574136, 0.8395061728395061, 0.852513966480447, 0.8324022346368715, 0.8271604938271605, 0.8286674132138858]], [[0.9886649874055415, 0.9886291850915983, 0.9887288666249218, 0.9905601006922593, 0.9874529485570891, 0.9861198738170347, 0.9861460957178841, 0.990530303030303, 0.9905541561712846, 0.9849718221665623], [0.9350157728706625, 0.9311208515967438, 0.9269662921348315, 0.9398496240601504, 0.9330413016270338, 0.9367959949937422, 0.9281210592686002, 0.9373825923606762, 0.9433021806853582, 0.9317897371714643], [0.8969849246231156, 0.8882611424984307, 0.8850718301061836, 0.8677944862155389, 0.8709273182957393, 0.8728971962616823, 0.8878446115288221, 0.8856065367693274, 0.8760951188986232, 0.8801004394224733], [0.8319850653391413, 0.8232354778263585, 0.8420724094881398, 0.831055900621118, 0.8435162094763092, 0.8321853475266124, 0.8346849656893325, 0.8269831355402874, 0.8300124533001245, 0.83375]], [[0.9781680113906027, 0.9798946864528483, 0.9823809523809524, 0.9795238095238096, 0.9813486370157819, 0.9810336652441916, 0.9832695984703633, 0.9788766202592415, 0.9799043062200957, 0.9832214765100671], [0.9261201143946616, 0.9245014245014245, 0.9318826868495743, 0.9316239316239316, 0.9273159144893112, 0.9193015573383672, 0.9312293923692887, 0.9363636363636364, 0.9262256068538791, 0.930430667297681], [0.8738781294284365, 0.8851063829787233, 0.867109634551495, 0.8799240626483151, 0.8821596244131455, 0.8751178133836004, 0.8781294284364667, 0.8690307328605201, 0.8809971777986829, 0.8841607565011821], [0.8145882352941176, 0.8223159868729489, 0.8230588235294117, 0.8093896713615023, 0.825187969924812, 0.8333333333333334, 0.8192488262910798, 0.8158266603862458, 0.825636192271442, 0.8199811498586239]], [[0.9735364875701684, 0.9742857142857143, 0.972940226171244, 0.9700647249190939, 0.9742351046698873, 0.9737585789261203, 0.9723913926106375, 0.9734299516908212, 0.9718649517684887, 0.9740365111561866], [0.9237792774910679, 0.9193804606830818, 0.9201747418586179, 0.9262229350441058, 0.9228617106314948, 0.9171644763042612, 0.9262948207171314, 0.9238437001594896, 0.9220675944333996, 0.9223964616003216], [0.8692733017377567, 0.868503937007874, 0.8685148514851485, 0.8638702018203404, 0.8727200634417129, 0.8591214879303521, 0.8752969121140143, 0.8782816229116945, 0.8568611987381703, 0.8645874457165417], [0.8090196078431372, 0.8113725490196079, 0.8186487554326353, 0.8048684727129957, 0.815955766192733, 0.8219874804381847, 0.8124754805806198, 0.8205637157602224, 0.8150765606595995, 0.8171788810086682]], [[0.96310888252149, 0.9653554673403103, 0.9648114901256732, 0.9654303204897371, 0.9680545585068198, 0.964311463590483, 0.9658396260338008, 0.9651705565529622, 0.9643884892086331, 0.9640933572710951], [0.9126591230551626, 0.9170506912442397, 0.9214641080312722, 0.9190340909090909, 0.9158679446219382, 0.9067582219009758, 0.9153818572965221, 0.9126110124333925, 0.9173583543846987, 0.9201426024955437], [0.8602681721947777, 0.8452883263009845, 0.8679311556023884, 0.858093903293623, 0.8626412429378532, 0.863061797752809, 0.8614794138171668, 0.8676056338028169, 0.8663823738450604, 0.8608665022895385], [0.8142306344199088, 0.8078938176737688, 0.8173579644475427, 0.8163478260869566, 0.8108672936259144, 0.8035837353549277, 0.8163051084674597, 0.810518982932776, 0.8081476323119777, 0.7934782608695652]], [[0.9576470588235294, 0.953042328042328, 0.9585268745852688, 0.9563769563769564, 0.9567941952506597, 0.9577089577089577, 0.9574326571333555, 0.9580165289256198, 0.9582079572049482, 0.9578877005347594], [0.9008507853403142, 0.9123269611074489, 0.9050425671250819, 0.9097472924187726, 0.9037643207855974, 0.9007910349373764, 0.908436886854153, 0.9046052631578947, 0.913370382477934, 0.9069767441860465], [0.853406522441072, 0.8541260558804419, 0.8501618122977346, 0.8521400778210116, 0.8609591245574509, 0.8493859082094376, 0.8558500323206205, 0.8558034270934368, 0.8404118404118404, 0.8488903394255874], [0.7987301587301587, 0.7970044614404079, 0.79104, 0.7919441801458929, 0.7932342712614606, 0.8029290035020694, 0.7890201085221832, 0.8139684583199227, 0.8022959183673469, 0.789873417721519]]],