{"n_users": [1, 5, 10, 20, 30, 40, 50, 60], "broadcast_mac_mean_candidate_slots": [[9.0, 9.0, 9.0, 9.0, 9.0, 9.0, 9.0, 9.0, 9.0, 9.0, 9.0, 9.0, 9.0, 9.0, 9.0, 9.0, 9.0, 9.0, 9.0, 9.0], [9.0, 9.0, 9.0, 9.0, 9.0, 9.0, 9.0, 9.0, 9.0, 9.0, 9.0, 9.0, 9.0, 9.0, 9.0, 9.0, 9.0, 9.0, 9.0, 9.0], [9.0, 9.0, 9.0, 9.0, 9.0, 9.0, 9.0, 9.0, 9.0, 9.0, 9.0, 9.0, 9.0, 9.0, 9.0, 9.0, 9.0, 9.0, 9.0, 9.0], [9.0, 9.0, 9.0, 9.0, 9.0, 9.0, 9.0, 9.0, 9.0, 9.0, 9.0, 9.0, 9.0, 9.0, 9.0, 9.0, 9.0, 9.0, 9.0, 9.0], [10.880460973799897, 10.9174653369231, 10.923828195363601, 10.881074189579632, 10.900318669046333, 10.911407172794435, 10.895375899483167, 10.937189910499269, 10.928871864199868, 10.919099254008165, 10.893596141274433, 10.9165898694228, 10.894922373414467, 10.902243009045067, 10.91247700418437, 10.928608703519, 10.918775394112934, 10.907785840110702, 10.9294039579435, 10.868716360458665], [13.622915745745399, 13.610540767869747, 13.751229193448726, 13.608098186808599, 13.60549857298135, 13.675890658372902, 13.595185217977626, 13.590124349030726, 13.610211637920452, 13.716558484902475, 13.597799202481752, 13.576377866995198, 13.6676735965857, 13.515628550808, 13.614882231295748, 13.72874959051685, 13.655156987855628, 13.6715127571368, 13.72482102630425, 13.68394132290975], [17.071902190033438, 16.75311180475644, 16.77198621066502, 16.650358189910282, 16.76320303538934, 16.82191989055494, 16.763378316199784, 16.752617765176662, 17.04998586837122, 16.87087080302258, 16.849849880759677, 16.880807077821398, 16.75178077362562, 16.76917066783284, 17.12525269994978, 16.93609236318338, 16.94072471539108, 17.08125485125544, 16.879165153906857, 16.67620346636962], [19.294837594359954, 19.416920115337966, 19.215999217383036, 19.4837950051475, 19.055270143289036, 18.98685316250233, 19.07052272757633, 19.3880847707941, 18.774548479126903, 19.025885895528216, 19.19079422803443, 19.117164990598987, 18.91281555101237, 18.95044528729492, 19.139897724011796, 19.0985485092193, 18.97515080376495, 19.03353463703642, 19.39867099643478, 19.2228131840913]], "broadcast_mac_selected_slots": [[5.0510437710438, 5.0101536406146, 5.0096179535132, 4.9532426363756, 4.9557288225188, 5.0286978677752, 5.0194057815846, 4.9905522288756, 4.9729514717582, 4.9853762297261, 5.0243837084673, 5.0433028509952, 4.9802124833997, 5.0192719486081, 4.9938740178453, 5.0110903260289, 5.0392367643107, 4.9386276833926, 5.0101536406146, 5.0354505169867], [5.0045230041029996, 5.02061813739328, 4.99846140597414, 5.00538642996724, 5.00829481653706, 4.98340501420682, 4.9890190754709, 5.01045469149514, 5.002604118490719, 4.98930880285264, 4.999313472392281, 5.02154311280432, 4.98405994246302, 4.990125273458939, 4.9921205997373, 4.9914430787991, 4.9888700389191, 5.00073231126318, 5.00636384672188, 4.9731934991747], [4.98613115616632, 4.9926456980818, 5.01763123052455, 5.01624798465123, 4.990088456989749, 4.99338224616791, 5.0096642645807, 5.00350892715743, 4.99063242004516, 5.01140971569376, 5.00265408249971, 5.00132516111503, 5.00252856654857, 5.0147206355209, 4.9848154493977095, 5.0010008617660695, 5.00468714314739, 5.01095549634473, 5.014190199459, 4.987069918218681], [5.0017881829196655, 5.005188797930065, 4.99883912391407, 5.0039206028599095, 5.01208945286618, 4.992439356230426, 4.996184904001579, 4.9903285916264055, 4.9936505458766245, 4.99629616553699, 5.005276986066539, 5.005159742849965, 5.00433934476994, 5.003281225331605, 4.993941549611565, 5.007980051812735, 5.000401476924935, 4.995834562811705, 4.998123916084815, 4.997001370409654], [5.935807408557043, 5.951471715256398, 5.980429395709273, 5.9510187876441005, 5.934724705083578, 5.9561618931406235, 5.94334626529708, 5.961544801314631, 5.970433205342587, 5.959783093455001, 5.946063576879053, 5.965615773636066, 5.9476891418451165, 5.943170670444238, 5.948686616224614, 5.971067970805196, 5.963850976139109, 5.951157160677607, 5.9613331095696775, 5.937854056504551], [7.303017453385465, 7.303099895208108, 7.357236074361903, 7.302712021930816, 7.286394594206987, 7.331270710705192, 7.305752915553557, 7.298453971143561, 7.287208616490766, 7.3434758066245704, 7.290841671493612, 7.287108680959551, 7.332296944987533, 7.273901007542635, 7.3030948583873485, 7.375139883477874, 7.322034896805322, 7.325859748704727, 7.360638736935869, 7.366001584000633], [9.021077169751, 8.885455990615775, 8.901770634084075, 8.824317169823287, 8.8696426796899, 8.901686325503153, 8.873881213150309, 8.87402123147092, 9.0176885390534, 8.922250082874438, 8.935288844938889, 8.948279581811002, 8.855842435346455, 8.876882152336998, 9.044583314478446, 8.98764688250883, 8.978927219835345, 9.068606745960127, 8.956250107240123, 8.840571948833142], [10.16089815965701, 10.195318290517532, 10.103228421930062, 10.2377221707581, 10.031375224402375, 9.99783909488487, 10.020441553343222, 10.209550329903117, 9.91264145619511, 10.02036050019273, 10.085109127084753, 10.059841275087205, 9.975800941738253, 9.962009108576119, 10.07770769921217, 10.047049934718588, 10.008275844555614, 10.009089993070853, 10.206334908692456, 10.125786180309628]], "num_reps": 20,