{"n_users": [1, 5, 10, 20, 30, 40, 50, 60], "broadcast_mac_mean_candidate_slots": [[9.0, 9.0, 9.0, 9.0, 9.0, 9.0, 9.0, 9.0, 9.0, 9.0, 9.0, 9.0, 9.0, 9.0, 9.0, 9.0, 9.0, 9.0, 9.0, 9.0], [9.0, 9.0, 9.0, 9.0, 9.0, 9.0, 9.0, 9.0, 9.0, 9.0, 9.0, 9.0, 9.0, 9.0, 9.0, 9.0, 9.0, 9.0, 9.0, 9.0], [10.9947203786031, 10.995741110339601, 10.9944580101435, 10.993940457942701, 10.9941553753356, 10.991681279847402, 10.994207086253, 10.9932888213429, 10.9916262093645, 10.994508974280299, 10.994507640507702, 10.994908003329101, 10.9937426448006, 10.994521319497897, 10.9934848829297, 10.9962052896097, 10.995032815829001, 10.9939022268716, 10.9920457796409, 10.995081129195402], [20.9166633413591, 20.932982643315402, 20.914722229018746, 20.90620615707195, 20.91872043197355, 20.907051768373552, 20.9235409737005, 20.89869278978555, 20.9121845409228, 20.905878742687054, 20.9165383032972, 20.913460525969246, 20.922678575418402, 20.9071640588584, 20.907071074218145, 20.9258855465043, 20.9190750918168, 20.91348452151295, 20.901166066863006, 20.9145107635104], [31.676887462244864, 31.6742486527123, 31.703503806140997, 31.711476775738035, 31.693735140951162, 31.691047814137203, 31.725159760729635, 31.702644822750766, 31.705605116100035, 31.731919729597468, 31.7524606050722, 31.727646475469967, 31.724836144927938, 31.7294165259755, 31.73856197288883, 31.71403454650393, 31.70033094210277, 31.750895096118832, 31.726142184540393, 31.721613644885263], [41.43408479867918, 41.43792836057217, 41.46945040304526, 41.381615309450254, 41.466602118940145, 41.38234767828273, 41.3451906102047, 41.45059816825275, 41.3891961006193, 41.44481603200907, 41.35102416520023, 41.40570801272165, 41.46023048520395, 41.37102163964185, 41.399089473981824, 41.46069522674812, 41.35688508605367, 41.40200770877443, 41.35888115397553, 41.36552296962575], [50.93805632519961, 50.97606128819462, 50.90574811936367, 50.951915081285044, 50.95493388720035, 50.9816483510177, 50.85682636193597, 50.95654777329291, 50.98941921846426, 51.00403695489886, 51.02000478498055, 50.86827199954284, 51.00668147387545, 50.98202615103394, 50.96007434167741, 50.92620599345319, 50.91831369725979, 51.00186937598466, 50.93349225486775, 50.93381641681], [60.454295219482354, 60.40884532783073, 60.349110462261805, 60.26589297603089, 60.48442468576564, 60.369912167493354, 60.31590584946316, 60.466994312577214, 60.35811800644238, 60.22918627009838, 60.36384244139255, 60.355807332202396, 60.23182726998632, 60.37859721594081, 60.37697710204462, 60.514401768536786, 60.401121562884796, 60.374097855541244, 60.35353204301667, 60.176776335915534]], "broadcast_mac_selected_slots": [[5.083350274446, 4.9595318389208, 4.9940071913704, 4.9676137492549, 4.9812711695557, 5.0162520064205, 4.9946064722333, 4.974731396737, 4.9878292098962, 4.9577632361689, 5.0124298315958, 5.0330179182605, 5.0, 5.0048048048048, 5.0098196392786, 4.9984006397441, 5.0275487633219, 4.9350572443743, 5.0198795180723, 5.0324074074074], [7.915066580484459, 7.95117334940918, 7.9627684207479605, 7.9553458600338995, 7.92613428596016, 7.878196725463719, 7.954697507871759, 7.9585729920535995, 7.907034512927879, 7.9211318240601, 7.94517586275888, 7.9532880514421604, 7.8819798343936, 7.9255149037236, 7.905450322212241, 7.9325925979942795, 7.936276724818259, 7.89689389187842, 7.95135513074394, 7.8744291344719795], [12.8270696734019, 12.826127343551502, 12.83122677578, 12.8556540869125, 12.835947621690101, 12.8465695737326, 12.821050253908101, 12.818746698629003, 12.824540506919401, 12.8375935762296, 12.8291515492868, 12.8608046086401, 12.833447727476099, 12.796316222997099, 12.8327344897058, 12.8153455068125, 12.803952352394901, 12.8336296895029, 12.8454288198617, 12.819629397718298], [25.332544798375253, 25.129266708568153, 25.249200122808954, 25.077434368967253, 25.224339927860655, 25.2074159356254, 25.21634867520725, 25.258693699870907, 25.211559110985853, 25.211931772955353, 25.2927238416802, 25.2583574840194, 25.2831446738397, 25.2454455549344, 25.32567377169465, 25.2661992689691, 25.2555569299526, 25.235123176447253, 25.103444604747047, 25.33126312396015], [37.943732142689804, 37.975484213863204, 37.85144363732387, 37.91514803704799, 37.897763992705634, 37.90958220261739, 37.981926713930505, 37.94445152294093, 37.775323258117666, 38.004332649172326, 38.01770443932397, 38.131661406834034, 37.974123741713896, 37.94717038069044, 37.9678870281116, 37.90690971374464, 37.96543138099563, 38.042738667059865, 38.096015740502175, 38.08028402716526], [50.285997472319, 50.238701706861505, 50.165612715597106, 50.2744465595501, 50.11499608074082, 50.0676050871715, 50.005290640708225, 50.08814836291522, 50.21543922971315, 50.142525926663545, 50.013387286179395, 50.066400587934154, 50.194423591702346, 49.94660642528195, 50.01404677783877, 50.155983476668574, 49.930497385553046, 50.101838443798655, 50.162171867153674, 49.903263864631626], [62.12985465000204, 62.21910423692676, 62.279903776708245, 62.128857498690785, 62.275727420298225, 61.88050789925768, 62.1127774160011, 62.07175236003532, 62.07793315256664, 61.86933957624148, 62.067023625326925, 61.79584750707798, 61.741153132686556, 61.98934982948062, 61.95949624048035, 61.969979752093614, 62.265914562401306, 62.17252781214156, 61.954977073790445, 62.07736114541866], [73.85435011572872, 74.08229149831526, 73.82109003947625, 73.72115084658809, 74.04727652216299, 73.96332794831099, 73.56618599414664, 74.27780669904824, 74.15923969690081, 73.56114098110343, 73.81440991145283, 73.69382305734754, 73.5367202885944, 73.88800576883521, 73.36542465829838, 73.85969411763537, 74.09849018144656, 73.85998391645148, 73.63841243147819, 73.54958034551825]], "num_reps": 20,