{"n_users": [1, 5, 10, 20, 30, 40, 50, 60], "broadcast_mac_mean_candidate_slots": [[9.0, 9.0, 9.0, 9.0, 9.0, 9.0, 9.0, 9.0, 9.0, 9.0, 9.0, 9.0, 9.0, 9.0, 9.0, 9.0, 9.0, 9.0, 9.0, 9.0], [17.990283600990402, 17.985439536902998, 17.983404666759203, 17.982450070954002, 17.990099365148602, 17.9852828453478, 17.9776701693296, 17.9858387204584, 17.977927267983397, 17.988465247428003, 17.988946115524403, 17.98596668203, 17.9833841004866, 17.989440539990397, 17.982997673687997, 17.9904265282498, 17.9877793512184, 17.9879655271564, 17.9830177100324, 17.986881978565997], [35.9215985693195, 35.92809848656, 35.9238179798154, 35.9059016753709, 35.9199111887267, 35.928182463336505, 35.9154461159661, 35.9162536879255, 35.9160417629327, 35.8973722788072, 35.9170706473468, 35.925138768856904, 35.9118790851483, 35.9269814820016, 35.8756938661363, 35.924198152269796, 35.934181690220605, 35.9052766334456, 35.8827994630881, 35.9264477818557], [70.50530691501595, 70.6040369539684, 70.51374792390635, 70.56397847297629, 70.5728796844933, 70.51425882835825, 70.54944497509669, 70.5022081623756, 70.57644008186045, 70.5694249793891, 70.51814359311685, 70.4020775438498, 70.53707984134034, 70.49879933871985, 70.53059515260449, 70.60038547315264, 70.56596213169405, 70.53029461582062, 70.4845413420874, 70.5184537500061], [103.79046851644033, 103.75232490522765, 103.85057728714301, 103.87500206861166, 103.86868477825399, 103.85952614688598, 103.97825242870134, 103.93207718371066, 103.78172540610467, 103.96101164995434, 103.89991439545632, 103.87002480266167, 103.83940812376098, 103.85845557095166, 103.68106339247232, 103.83536159556101, 103.66048078953, 103.88782307293236, 103.93996647109266, 103.93710543144736], [137.95024722612953, 137.94698438347072, 137.6511011787, 137.96135895655075, 137.90537817538376, 137.90372459622475, 137.76302383442948, 137.53910356878725, 137.84963828039798, 137.82390893854875, 137.4410885176145, 137.82724134335152, 137.89968852594174, 137.78231973855725, 137.81416482924072, 138.06579136477848, 137.9197411668325, 137.70133795082103, 137.69735754600026, 137.72386973980602], [171.44573966581578, 171.06618285762602, 171.16833530325363, 171.3418486724704, 171.16046191681718, 171.24641930946495, 171.3428246367, 171.30606517636, 171.61210677731077, 171.27886557007002, 171.26020295471517, 171.3202701871214, 171.40076892668898, 171.24039946326343, 171.21169442389498, 170.9248725679894, 171.44094436029482, 171.1069354468326, 171.34828236688082, 171.10969654819223], [204.8391469488245, 204.67328323462786, 204.83075335271602, 204.58255458791666, 204.28159977804833, 204.47857317093397, 204.65787794052233, 204.3795619116735, 204.42365311880965, 204.3496319764758, 204.22316085835797, 204.14135919209085, 204.56458891464354, 204.4536194813945, 204.73133004318117, 204.71856617059535, 204.12658181245868, 204.45515877252632, 204.55157610419454, 204.73957859896714]], "broadcast_mac_selected_slots": [[5.083350274446, 4.9595318389208, 4.9940071913704, 4.9676137492549, 4.9812711695557, 5.0162520064205, 4.9946064722333, 4.974731396737, 4.9878292098962, 4.9577632361689, 5.0124298315958, 5.0330179182605, 5.0, 5.0048048048048, 5.0098196392786, 4.9984006397441, 5.0275487633219, 4.9350572443743, 5.0198795180723, 5.0324074074074], [12.2780933820426, 12.2093741194934, 12.267424562032598, 12.335627705358402, 12.268364143094601, 12.2612791804738, 12.198433521136, 12.286338501879401, 12.3225895271122, 12.319873853044, 12.3381113928238, 12.3371091368234, 12.230962776422597, 12.213961905761401, 12.2920932407908, 12.3330176104814, 12.356138156556401, 12.2357450413304, 12.2586652542298, 12.154033322356199], [24.5943692021092, 24.7985224246514, 24.8335177966167, 24.6767003464619, 24.919921309899102, 24.8849387734395, 24.8179201301526, 24.798629463557102, 24.6216124533534, 24.548194740466297, 24.778987386217196, 24.6975123414956, 24.6694134466183, 24.910077871547696, 24.6391607433699, 24.9013229206495, 24.6585014434383, 24.874254906515503, 24.740833485015603, 24.5788580462563], [48.8798345032505, 48.95258303868915, 49.072410404277505, 48.8970185803476, 49.124732630779945, 48.336152132556755, 48.816907511650854, 48.68912810171339, 48.62181172618415, 48.753580952121595, 49.4096253870043, 48.69329974762171, 48.86921253131425, 49.1580539729368, 48.60919423018625, 48.65386423459344, 49.131451206623645, 48.720856609271394, 48.6628461498895, 49.140061300391345], [72.91032314788713, 72.09313711097913, 72.92862938900844, 72.31440957899126, 71.77330099459144, 72.54882459194384, 72.34269419668706, 72.57453682137003, 72.26918303546057, 71.9748255690491, 72.43764063879954, 72.71572158239042, 72.78813694262878, 72.0135255392877, 72.24759995845737, 72.55812809855617, 71.97442377601944, 71.56975944286127, 73.05939650517523, 71.99906556798007], [95.66090576071875, 96.35024560730871, 95.77010688389115, 96.52760268482088, 96.13913578144279, 95.83946292785575, 95.861368854826, 96.13899974580013, 96.94186148062306, 96.55042185884102, 96.11899679188225, 96.16031696047555, 95.51093448853177, 95.88144851890642, 96.18133824677166, 96.40920521371613, 96.50667267457413, 96.33841330210203, 95.86965813793914, 96.52699835923165], [120.18750419973179, 120.73560914779883, 120.00934046002261, 119.1159253413172, 119.1547397071008, 119.31418465205459, 119.4306445501644, 120.3399984424272, 120.552223422365, 120.38821920829118, 119.15448829241281, 119.887286675628, 118.33316318757119, 119.55218342913459, 119.72915968264921, 119.6231482375832, 121.1923396193508, 119.22578731067159, 119.50468263386281, 120.51841637028122], [141.6070905031525, 142.34546551474352, 143.10740658530452, 142.7137803280179, 143.82858794122532, 143.90125920495902, 143.28279540957564, 143.1044534524225, 142.48931926670267, 142.70253627397219, 142.68060238854216, 143.2992227131123, 142.11777024643635, 142.64745941673203, 143.04336297781768, 142.6564974695113, 142.715152341746, 142.34973479943048, 142.98751291397986, 142.61481699630383]], "num_reps": 20,