{"n_users": [1, 5, 10, 20, 30, 40, 50, 60], "broadcast_mac_mean_candidate_slots": [[9.0, 9.0, 9.0, 9.0, 9.0, 9.0, 9.0, 9.0, 9.0, 9.0, 9.0, 9.0, 9.0, 9.0, 9.0, 9.0, 9.0, 9.0, 9.0, 9.0], [97.63336786428079, 97.5525764985916, 97.4685368985586, 97.53513052173939, 97.62604074955681, 97.4628853171068, 97.63752407926879, 97.6055006547788, 97.54605755436201, 97.49980664325581, 97.63877260919259, 97.5022807242888, 97.3677451363638, 97.6695722681268, 97.57768395640741, 97.66681652286019, 97.5605701615646, 97.705833586252, 97.4761845467998, 97.5282799826426], [194.18665651140896, 194.452037270772, 194.52926955635198, 194.085326803784, 194.181101157064, 194.03942993519502, 193.95372189761602, 194.33573404084302, 194.374403928064, 194.211345782963, 194.34601580347498, 194.28306954919398, 194.259806735238, 194.2548968914, 194.020770464387, 194.02468791363395, 194.34394017616597, 194.02177541885598, 194.136469007159, 194.2337804789], [383.4473058265915, 383.213305329399, 382.957595529513, 382.401535375369, 383.455016867776, 382.1700956447681, 382.26150337508506, 382.60900628384104, 383.25115291882497, 383.29456036315054, 382.0488027326665, 382.41101604158547, 382.9235372209235, 382.3021624227355, 382.25029504347697, 383.0793094501115, 382.05158949747, 383.4507556826385, 383.67482343466054, 382.7561940942095], [564.5217091359899, 566.8732003810544, 566.6453902316417, 567.1026068472034, 566.6522057159733, 567.177120704502, 567.8965142856464, 568.0097984134352, 565.5940323178161, 567.8739404388101, 567.4765224919789, 566.20684198442, 567.2576254617276, 567.4266366737986, 566.4570817404285, 566.5482358730412, 566.4783987822283, 567.9190052176757, 567.1420085816421, 568.4583075141786], [746.9267405375949, 749.9383070259504, 747.2526037834792, 747.8577657265016, 748.026940939824, 745.9720621971395, 744.1445605263332, 742.3498176365298, 746.5106550056029, 748.0973884439333, 744.854504984014, 745.8564071005377, 746.9372750625535, 743.4396132620593, 748.650557906035, 748.67540321522, 746.479505683925, 746.9237723241647, 745.6652300335447, 744.8165739741582], [914.4486391351893, 919.3434275751076, 919.0019199420843, 920.7457560761345, 917.821954239075, 920.9944657056902, 923.2769341144304, 919.4777881011807, 920.3713149718188, 920.1308004003527, 923.9325043309457, 919.8216283743873, 920.4359014653647, 920.3339072919863, 920.3920323797518, 918.2917335316873, 917.4126728942214, 920.0262757826962, 922.1963234885129, 921.7707196251472], [1086.5883920472334, 1094.2682959954068, 1100.7637465139749, 1093.8613898193682, 1089.411405138705, 1090.3906576895347, 1092.7886318743617, 1089.7640991953301, 1089.282966220035, 1090.1688974468682, 1089.4446859268232, 1094.5766669877835, 1090.90973182022, 1088.4520635753752, 1092.54275435979, 1091.06830454378, 1094.4726085417817, 1094.3885062224067, 1089.7689387552984, 1093.8084274043752]], "broadcast_mac_selected_slots": [[5.083350274446, 4.9595318389208, 4.9940071913704, 4.9676137492549, 4.9812711695557, 5.0162520064205, 4.9946064722333, 4.974731396737, 4.9878292098962, 4.9577632361689, 5.0124298315958, 5.0330179182605, 5.0, 5.0048048048048, 5.0098196392786, 4.9984006397441, 5.0275487633219, 4.9350572443743, 5.0198795180723, 5.0324074074074], [52.021251241984, 53.1930669688128, 52.6814238072612, 51.8893322247652, 52.599472130425795, 50.868251356909, 51.5679760533108, 51.942074356429615, 52.01862753243861, 52.3927842143534, 51.3470976285268, 51.34070845260079, 51.288551009389, 51.2123199560584, 51.953974206085604, 51.95823009830559, 51.041189201638005, 52.4846393907744, 51.979230848846804, 52.33286069723381], [102.43427981078798, 103.2454243514122, 103.2232953166741, 102.2422762125983, 101.47210303903641, 105.47984713274361, 102.7007660160939, 104.1653184934678, 103.80455462348259, 102.9604020824891, 104.48037431667748, 104.4058917584767, 103.190884387921, 106.685666889862, 102.7263768039551, 102.79916878011481, 104.2709159197091, 104.15412162369701, 104.1781326208899, 101.86322200113571], [208.058402171322, 202.9052780764035, 203.90558560611848, 201.32729200289748, 207.93174307712997, 205.87267644406901, 205.2885484191685, 201.902464481168, 207.77218857813506, 209.6748567284075, 207.84634946114252, 202.60808541938647, 209.44768220737097, 208.97635181046098, 203.443378975877, 202.0017762029345, 207.3378728186405, 206.6313795580425, 203.19442796131753, 206.33624476860194], [305.16152817893, 303.3511415875743, 305.5489343037456, 300.554256472495, 304.70239842786367, 311.90701926554834, 304.93463085050365, 304.05254184690733, 302.3905988496773, 306.88613497721894, 300.0987908216246, 308.25891240381037, 305.147386371146, 307.8746206752437, 304.53789349590926, 299.53229236462096, 307.954122564589, 298.7826997938701, 303.6396502117267, 304.68625072558535], [408.39357779498675, 397.61494307441546, 395.4754195363795, 407.8603950177825, 413.7846084282358, 392.7282571047655, 403.7332236315775, 398.5326541858627, 397.59413754095175, 402.1050345436385, 402.21907283485626, 402.44753951095527, 397.45839594552154, 397.992720226966, 401.17637003336176, 410.3001135234675, 403.5072436027125, 403.5880025023725, 388.445530788866, 404.59215072497125], [493.91297433986733, 489.38508513401297, 493.58254790804136, 485.93270078953697, 486.04726837739656, 493.55211084593094, 502.49955621924363, 502.9801957172312, 503.4323764775176, 497.82256114475183, 478.66541983773845, 504.0854375665196, 499.2844461397196, 495.84720702725, 490.0606111646448, 490.48198109797215, 488.9417833619099, 486.0568343374344, 495.73392170128466, 488.43040201535854], [600.4930670881757, 586.1635754692528, 587.0135213568163, 582.0147888921495, 583.8316164145616, 590.9712481076378, 596.4341074637018, 598.3470281565345, 583.9346913481879, 580.3648228241544, 589.9059037243039, 591.939474018903, 575.1514351513389, 594.9677199235911, 587.7827321526089, 596.1979105722505, 582.8846970051948, 574.9060796041683, 588.5465689303326, 575.1011588608194]], "num_reps": 20,