{"n_users": [1, 5, 10, 20, 30, 40, 50, 60], "broadcast_mac_mean_candidate_slots": [[9.0, 9.0, 9.0, 9.0, 9.0, 9.0, 9.0, 9.0, 9.0, 9.0, 9.0, 9.0, 9.0, 9.0, 9.0, 9.0, 9.0, 9.0, 9.0, 9.0], [17.9922193123108, 17.987696807758603, 17.989116374215, 17.983101614276997, 17.991408321519394, 17.981844560800198, 17.985004123169396, 17.9899005587302, 17.987720749936, 17.9910531711722, 17.9905716850228, 17.986706983881998, 17.9874195596514, 17.993155006034, 17.987321867215602, 17.9926218116926, 17.991098110255997, 17.9903252854956, 17.9833823238474, 17.984786048941398], [35.930745524934004, 35.9387755627728, 35.94214636348269, 35.934147247329804, 35.932967363384, 35.9250421143985, 35.926908485369, 35.942185425862604, 35.9431857928288, 35.938826376971704, 35.9349257206267, 35.9482220348826, 35.9276964403559, 35.9427824141696, 35.9368698698506, 35.9373355963601, 35.9502888355024, 35.9159974191244, 35.9395997801307, 35.940502366910195], [70.61420564339178, 70.74039563692446, 70.6862052708738, 70.67150144427947, 70.68002841928906, 70.69141700866781, 70.66382508100193, 70.61990302948718, 70.70110420466293, 70.73312961842106, 70.6305075419741, 70.61736659342009, 70.65764297424205, 70.64272305538151, 70.6778336973332, 70.70852305890475, 70.65883447917595, 70.688123862656, 70.6168218148447, 70.59422474515061], [104.01085754124068, 104.20679061802267, 104.04315843604468, 104.15396321731765, 104.213145497717, 104.11778024803166, 104.23447643972801, 104.13886316739932, 104.14614504476067, 104.25194331424764, 104.217438217658, 104.20992730419599, 104.226345596485, 104.18716403869635, 104.18561017310768, 104.16279138556898, 104.14248615151266, 104.13859366484434, 104.22290424933234, 104.21653142636166], [138.40886332967776, 138.40775024924125, 138.21785268111051, 138.44147193600776, 138.54471112575075, 138.44361229845427, 138.3659923966855, 138.233196414669, 138.29384654063398, 138.41732779353825, 138.086669403242, 138.4285443347895, 138.3740770665655, 138.36041334578573, 138.27769465088028, 138.52979469408098, 138.43110674092378, 138.26340213170448, 138.18058963270175, 138.41164593379], [172.28841514014866, 172.2387059165332, 172.1062525903658, 172.33150563538638, 172.3669897760804, 172.34937057157381, 172.33499769978377, 172.36898950484897, 172.45754994894835, 172.29605759636863, 172.30143703481698, 172.2326204358288, 172.2369022089058, 172.2095801982032, 172.33947682049, 172.2157848549094, 172.34420010556437, 172.3042089742248, 172.35630863571322, 172.101371615734], [205.7486093747468, 205.86909658749533, 206.14464241500704, 205.89276053269796, 205.7011727762445, 205.93671136043733, 206.12037129436834, 206.14343905220915, 206.066094344874, 205.77224628580768, 206.3222591852943, 206.00158251502287, 205.60142328582248, 205.74313278005965, 206.17370013795818, 205.8327489282953, 205.7266081673598, 206.0949416145095, 205.83919175314654, 205.84630969061283]], "broadcast_mac_selected_slots": [[5.083350274446, 4.9595318389208, 4.9940071913704, 4.9676137492549, 4.9812711695557, 5.0162520064205, 4.9946064722333, 4.974731396737, 4.9878292098962, 4.9577632361689, 5.0124298315958, 5.0330179182605, 5.0, 5.0048048048048, 5.0098196392786, 4.9984006397441, 5.0275487633219, 4.9350572443743, 5.0198795180723, 5.0324074074074], [9.43644158599098, 9.44226242805472, 9.45830919957228, 9.526346173013419, 9.50452972602144, 9.45671905917866, 9.39302077299532, 9.43371844465484, 9.50373727427834, 9.54081483327092, 9.4992086075319, 9.54210259195196, 9.476326557527061, 9.492249645011281, 9.486225313048859, 9.506261183850322, 9.525423114829177, 9.45406383503366, 9.48148015423728, 9.36511985440972], [18.4258811384203, 18.5199107855315, 18.507079320487698, 18.368647548952, 18.595616067184398, 18.5529748686426, 18.4747856234717, 18.5629214058622, 18.4118141943047, 18.198784880240197, 18.5574657309471, 18.4655524329345, 18.406711409936, 18.646979728952, 18.4209008183154, 18.524593800899602, 18.417881350459403, 18.486811756956403, 18.592925794313402, 18.3157510632361], [35.67999743733249, 35.74456514558145, 35.93450684774835, 35.610256486004104, 36.039779424883605, 35.60719811436259, 35.8583838631877, 35.72336907901924, 35.8715663619208, 35.76723202898395, 36.08297191640205, 35.81278595031495, 35.853386812696996, 36.09477338809715, 35.66291340610095, 35.45416781173186, 36.00283109391615, 35.8236413093853, 35.6336754245457, 35.774081074305755], [53.069382200514475, 52.41481677614723, 52.841110216940294, 52.79439809014533, 52.007471131878205, 52.632717359182806, 52.35394509155041, 52.50370281998542, 52.54474811240246, 52.19958985096712, 52.362948840489395, 52.80161469721816, 52.764971548474264, 52.397093567342004, 52.822264831963395, 52.80196815243896, 52.68181533113559, 52.13290053479496, 53.1966090104245, 52.18599568928744], [69.4688955622008, 70.03878387417964, 69.36125783247972, 69.6346403564158, 69.82045106185183, 69.46912825957065, 69.42146836602156, 69.77218528258975, 70.00778170564934, 69.60158265910452, 69.85881951317542, 69.61287342887495, 69.1609770098064, 69.76106599416113, 70.0756295364466, 69.66148855036965, 69.78473425330844, 69.93824189268757, 69.84777035555088, 69.84935939921971], [87.15155506481806, 87.22745132282405, 87.0060139517836, 86.71946157836638, 86.62613377894122, 86.76331808826684, 86.93252962836773, 87.29534607201808, 87.37808463053975, 87.2168149850225, 86.54681452544479, 86.42465985384325, 86.10699980991069, 86.89284291701823, 86.85577871041403, 86.70447589972781, 88.06095381815152, 86.18593252532156, 87.10291035152763, 87.06851234348375], [102.51769449391054, 103.68749245649929, 103.7817329965737, 103.1170302152069, 104.478891101359, 104.19549729860573, 103.93575589792971, 103.96342320477176, 103.34709276773896, 103.58742604510464, 104.17884655448151, 103.49988456913967, 102.97077824997268, 103.17415456462895, 103.3862478635875, 103.30556912099608, 103.31714602143921, 102.9425030282019, 103.73429924046374, 103.26016997524631]], "num_reps": 20,