{"n_users": [1, 5, 10, 20, 30, 40, 50, 60], "broadcast_mac_mean_candidate_slots": [[9.0, 9.0, 9.0, 9.0, 9.0, 9.0, 9.0, 9.0, 9.0, 9.0, 9.0, 9.0, 9.0, 9.0, 9.0, 9.0, 9.0, 9.0, 9.0, 9.0], [9.0, 9.0, 9.0, 9.0, 9.0, 9.0, 9.0, 9.0, 9.0, 9.0, 9.0, 9.0, 9.0, 9.0, 9.0, 9.0, 9.0, 9.0, 9.0, 9.0], [9.0, 9.0, 9.0, 9.0, 9.0, 9.0, 9.0, 9.0, 9.0, 9.0, 9.0, 9.0, 9.0, 9.0, 9.0, 9.0, 9.0, 9.0, 9.0, 9.0], [9.0, 9.0, 9.0, 9.0, 9.0, 9.0, 9.0, 9.0, 9.0, 9.0, 9.0, 9.0, 9.0, 9.0, 9.0, 9.0, 9.0, 9.0, 9.0, 9.0], [10.919074474881768, 10.889794324336199, 10.886355923000902, 10.912806354648033, 10.901044131728467, 10.889346058362035, 10.908942788763335, 10.897832799807434, 10.869427443124067, 10.854145640834833, 10.916173473905435, 10.905665957735499, 10.893595938837136, 10.85105277853, 10.867219147570266, 10.901663359478198, 10.879075876918764, 10.871075428190538, 10.87567536492723, 10.855396732114103], [13.456627504904224, 13.68753911833635, 13.571816800819601, 13.615581874063924, 13.629927970157102, 13.584998516927476, 13.44475577163995, 13.7225928914479, 13.447114121348326, 13.640516780306474, 13.49293987873175, 13.572345597727473, 13.48239580732935, 13.573924936731123, 13.496100712811772, 13.597871363774226, 13.658966975842622, 13.635344986117024, 13.485488252600002, 13.528938371067023], [16.935974180239224, 17.196341063425418, 16.80873103544674, 16.931536253956, 16.79510320579398, 16.87277280114942, 16.5662254290047, 17.09251052893428, 17.024199591253037, 16.9417811465216, 17.10702097726894, 16.910629289431, 16.964016451066904, 16.94901307349368, 17.10957734901574, 16.99133712740676, 16.969413366693857, 17.022695006092757, 16.95972905879362, 17.009896274620697], [19.620256597010552, 19.300776813890245, 19.641836349113316, 19.372162158547464, 19.538502605106668, 19.605129899801, 19.3733526401109, 19.443956797113913, 19.567590006234568, 19.547149031406963, 19.168207402164285, 19.275379331819796, 19.325725944862484, 19.332772351810767, 19.422763206034436, 19.48577879928053, 19.2457434856827, 19.413237846257704, 19.07922529902163, 19.604172459648336]], "broadcast_mac_selected_slots": [[5.0510437710438, 5.0101536406146, 5.0096179535132, 4.9532426363756, 4.9557288225188, 5.0286978677752, 5.0194057815846, 4.9905522288756, 4.9729514717582, 4.9853762297261, 5.0243837084673, 5.0433028509952, 4.9802124833997, 5.0192719486081, 4.9938740178453, 5.0110903260289, 5.0392367643107, 4.9386276833926, 5.0101536406146, 5.0237106496986], [7.928012037961959, 7.96523670874392, 7.954944899251461, 7.94787426138322, 7.93994359661332, 7.88210243362294, 7.938536539750539, 7.958940186825759, 7.906082160397121, 7.92672526800524, 7.93829952569798, 7.96382378532266, 7.908321491952821, 7.910457013048541, 7.928406540264641, 7.934638215445441, 7.91988505749206, 7.91298771886224, 7.94336823182802, 7.904607103988999], [11.984068572721698, 11.9410984274998, 11.972287032766399, 11.994283485344301, 11.959350980744698, 11.9857103388987, 11.9873142207727, 11.961150445763598, 11.9673771747076, 11.978060375020199, 12.0062121171742, 11.9952117632092, 11.9573576262565, 11.9921720448486, 11.956339952591401, 11.9803570342504, 11.982293585667001, 11.9920896229982, 11.9962676392749, 11.9631863454347], [20.7358065832825, 20.729561876348253, 20.78937770210355, 20.7504477651871, 20.7702005965778, 20.7510205103549, 20.752798578979597, 20.769468683157747, 20.76243039519275, 20.793119610400502, 20.7668419421973, 20.78582513263965, 20.782618472537102, 20.78090447997295, 20.80115269983995, 20.775531091655854, 20.79360563735875, 20.7864362973933, 20.763255890007848, 20.80187856107035], [30.0318660799576, 29.792754959436067, 29.8651389567911, 30.0547128342263, 29.85795397070636, 29.846414021499037, 29.9337647226072, 29.994388009338067, 29.571229621733462, 29.628740034593957, 29.967677410549665, 30.03240504970977, 29.803889225556038, 29.650151557054528, 29.664767299843902, 29.9307180631346, 29.75953139035823, 29.79971514228447, 29.661663741936895, 29.67285772725897], [37.13716512960005, 38.470428167315255, 37.69568202740201, 38.17218889691783, 38.1538800111691, 37.679000569806895, 37.0039647424647, 38.85898347815007, 37.060499650316295, 38.07667777545365, 37.46026281350002, 37.7981977156245, 37.133183462778675, 37.87900982973393, 37.380511015748525, 38.1467795894414, 38.46409555056975, 38.147383424999376, 37.490996107196324, 37.338022875983626], [44.96074941338825, 46.8228883564755, 44.7100768207098, 45.60594082653785, 44.19229903029859, 44.96500612430912, 43.082923497162646, 46.18595472703125, 45.45247459859788, 45.034968923308476, 46.281198128724334, 45.47176015940599, 45.1821192420644, 45.3902485524618, 46.110181404161374, 45.49850708342088, 45.58682378534926, 45.83937767878086, 45.49168756815912, 45.88383668983396], [53.39647917187775, 51.572758010539914, 53.420300662852604, 51.93777191567248, 52.70637281365473, 52.758002326073196, 52.4714698993582, 52.33985856671765, 53.34015769857054, 52.96661409183568, 50.742441550855155, 51.593036771793656, 51.391100572717704, 51.594314511826255, 52.32876718377279, 52.28050105660088, 51.088614469349395, 52.122946250156346, 49.54352763098322, 52.904916731857256]], "num_reps": 20,