{"n_users": [1, 5, 10, 20, 30, 40, 50, 60], "broadcast_mac_mean_candidate_slots": [[9.0, 9.0, 9.0, 9.0, 9.0, 9.0, 9.0, 9.0, 9.0, 9.0, 9.0, 9.0, 9.0, 9.0, 9.0, 9.0, 9.0, 9.0, 9.0, 9.0], [9.0, 9.0, 9.0, 9.0, 9.0, 9.0, 9.0, 9.0, 9.0, 9.0, 9.0, 9.0, 9.0, 9.0, 9.0, 9.0, 9.0, 9.0, 9.0, 9.0], [10.9959987131936, 10.996365223759001, 10.9960569141744, 10.9950940320617, 10.994706092806899, 10.9907402773808, 10.9931144747098, 10.9940600503939, 10.9949285337058, 10.9955635079417, 10.995204524561899, 10.996908401469401, 10.995910623042802, 10.996197359084, 10.9934388099769, 10.99569965739, 10.9979370703734, 10.9953621660156, 10.995886439586098, 10.9974859165463], [20.956155039639746, 20.944407995713153, 20.9535368593023, 20.9339761742124, 20.93918936336955, 20.9478156625272, 20.951736264119802, 20.955868577599198, 20.932966095057655, 20.93989063582935, 20.94018707386175, 20.93894474300435, 20.942256637493603, 20.936643583981652, 20.930816170804952, 20.95975061956545, 20.9489572411712, 20.9605241917394, 20.948296261413198, 20.95247271306365], [31.769334106281505, 31.7786220250861, 31.787115734244928, 31.788017409049534, 31.801348977411532, 31.782593499422166, 31.815876223263036, 31.787004196187738, 31.81067692730183, 31.817429581898562, 31.834179296933165, 31.815635203249403, 31.782067550707435, 31.82411753228042, 31.83156160366133, 31.821812207900734, 31.800416648587735, 31.802575647102334, 31.840690364228262, 31.8208536160192], [41.6429381689999, 41.616624208415104, 41.66599769816393, 41.61090946266625, 41.64411495384708, 41.5674992179964, 41.541160042122996, 41.54074208306868, 41.61205409776303, 41.62039234133998, 41.5305422165073, 41.51733084388085, 41.63454439796327, 41.55871116075455, 41.6505371613701, 41.623184714442345, 41.59835069080735, 41.55836423830012, 41.573847717207904, 41.62174643081805], [51.18891500518541, 51.31767034860672, 51.356873202592325, 51.3167918798883, 51.26109347929263, 51.29889108810179, 51.19880216228817, 51.30680545938551, 51.36584828059369, 51.31204392695538, 51.35049014307705, 51.28919612045972, 51.2846796122602, 51.28148549512908, 51.21945537649394, 51.33052637985716, 51.185576727968034, 51.384578671966736, 51.29256092298673, 51.30211708422683], [60.91268901835186, 60.828970240316956, 60.84385437275344, 60.90740865955691, 60.934939019809505, 60.86369201671965, 60.890979988610404, 60.936755294893494, 60.88269893931585, 60.8779508230042, 60.78901847715096, 60.863504699249454, 60.82066383798608, 60.87687638334049, 60.94251620818827, 60.941273902980164, 60.89485454172068, 60.871418788288004, 60.89536870180705, 60.88341509797461]], "broadcast_mac_selected_slots": [[5.083350274446, 4.9595318389208, 4.9940071913704, 4.9676137492549, 4.9812711695557, 5.0162520064205, 4.9946064722333, 4.974731396737, 4.9878292098962, 4.9577632361689, 5.0124298315958, 5.0330179182605, 5.0, 5.0048048048048, 5.0098196392786, 4.9984006397441, 5.0275487633219, 4.9350572443743, 5.0198795180723, 5.0324074074074], [4.9958409314364, 5.03146881957918, 5.00967463275794, 5.01208156457848, 5.01001991739792, 4.970877852539, 4.99782736578492, 5.0165539873986, 4.9852062696365795, 4.98971339603434, 5.00293725457824, 5.02306259395608, 4.978159267342461, 4.97802110652886, 4.99727438476282, 4.98968053018468, 4.9845154705620205, 4.986372009588, 5.0073352340684805, 4.978993257943641], [5.99061049895979, 5.98981595207516, 6.01183918047629, 6.00908116763255, 6.016744084808381, 5.99499277566509, 5.9949090895123, 6.00002617186314, 6.00699308886637, 5.99660768655982, 5.996152542788971, 6.00212757968985, 6.01902500193494, 6.00178184859995, 5.991221842789651, 6.008654208745259, 5.99333196343882, 6.0112522776764905, 6.01710311381522, 5.98933998230428], [10.989909788846148, 10.926115210671199, 10.9943602621167, 10.895830071685, 10.962997158515346, 10.99447703370715, 10.99076325717615, 11.00801896525435, 10.992913649511502, 10.954925894159949, 10.984899172587351, 10.949038976673203, 10.9904070116254, 11.010223525439, 11.02295646509185, 10.987842829434701, 10.9446874014638, 10.988491162203248, 10.9277177307364, 11.024860886413702], [16.348075867385067, 16.468795999757933, 16.301564185192934, 16.387202095868933, 16.4229325397978, 16.385929799075566, 16.41623740565627, 16.404686799547168, 16.3526579972059, 16.411869083719434, 16.424215498391135, 16.4864937435332, 16.3577538864401, 16.443396801485534, 16.41818155086967, 16.346092315458268, 16.360679267530465, 16.409398773408864, 16.48441190351807, 16.406584698877403], [21.37560080377245, 21.282061624407902, 21.346553240554677, 21.371491650948023, 21.263961516973, 21.228675431849748, 21.252750527651926, 21.21322540498693, 21.358182582818376, 21.36205273362465, 21.224122741813478, 21.2232403402749, 21.289475054460002, 21.337914903630498, 21.306927769683575, 21.283396258623725, 21.177008328662673, 21.348829311912475, 21.32909304920145, 21.3466894822404], [26.068339659078955, 26.25372274382174, 26.202203381486278, 26.203773473156698, 26.117556029565076, 26.070617385550605, 26.22576441191224, 26.11812343071586, 26.176897817503, 26.035783296885096, 26.158213504255222, 26.08450449178892, 26.121074542987976, 26.09240811363804, 26.08551809762206, 26.1050608775836, 26.19529242084714, 26.229348607205203, 26.14326779568108, 26.138727254472755], [30.9325550459335, 30.96792568364855, 30.918890890503086, 31.06449946294058, 30.91873525111638, 31.027274180484135, 30.89469895903264, 30.975334528655104, 31.11901419664802, 31.021043893181986, 30.92531753696663, 30.806797237711134, 30.992140845674765, 30.907281416185096, 30.773762252082452, 30.93259681212417, 30.98551135686533, 31.0479851823339, 30.914884472387264, 30.927136628224122]], "num_reps": 20,