{"n_users": [1, 5, 10, 20, 30, 40, 50, 60], "broadcast_mac_mean_candidate_slots": [[9.0, 9.0, 9.0, 9.0, 9.0, 9.0, 9.0, 9.0, 9.0, 9.0, 9.0, 9.0, 9.0, 9.0, 9.0, 9.0, 9.0, 9.0, 9.0, 9.0], [97.6518165453846, 97.57367880269621, 97.473695474775, 97.5598445699782, 97.62296250368681, 97.43213586024419, 97.64176290160981, 97.64126061026141, 97.582861658754, 97.62735978389239, 97.6566142989572, 97.5435848332702, 97.4960894450476, 97.71555083551979, 97.52558990859241, 97.6834738637452, 97.62123428797659, 97.7459382740186, 97.50352753377281, 97.551022664329], [194.124869562141, 194.426776027269, 194.604728597948, 193.993454504699, 194.44104852004503, 194.245421310174, 194.142079938241, 194.478010765045, 194.60343350791, 194.352713179298, 194.51034482018198, 194.36776301107403, 194.38515341364, 194.38253989650298, 194.20097840964303, 194.33119393642298, 194.309563002045, 194.14917501275, 194.275392066364, 194.193130350495], [383.855861784033, 383.964554134297, 383.9285725541811, 383.1700532725895, 384.3259765394965, 382.8506630103126, 383.165597710342, 383.12094863095246, 383.8563970543391, 383.82276584557997, 382.8507346919115, 383.16641903716857, 383.2698064493235, 383.11443106166905, 383.1063369131921, 383.7124510156795, 383.27651823250704, 384.090149059216, 384.2556341665705, 383.837638113973], [566.3157979620416, 568.5150923715167, 568.4100217988479, 567.6876264468367, 569.2229518063923, 568.598850137325, 569.6790782095457, 568.598086784174, 567.7706280982432, 568.5964925498736, 569.132433429507, 568.57079149065, 568.709944807242, 569.0939992449145, 567.8902678427332, 567.7614943309724, 567.6410100315353, 569.4805172268877, 569.4398589556837, 569.3644097938861], [748.8605988466345, 751.1955496079165, 748.9259467992695, 748.3041228601066, 748.4028057279432, 749.7951581019887, 746.7097760992583, 746.8118090618807, 748.424075493899, 749.3351685396223, 745.3906994007037, 746.1049964322071, 750.3342334032438, 745.9547122212377, 750.449862603142, 750.5766352692501, 748.4148870530585, 748.0124100124788, 748.6269995555747, 748.1222240891502], [919.5955929622138, 922.44369672808, 923.3725770490173, 924.6224138975019, 922.0042928544804, 925.2773828863017, 926.1071102115816, 922.6205655550808, 924.1303593699183, 925.0200152665751, 926.8551998582661, 921.3297670713802, 923.5722320975242, 926.6811922739487, 922.3025543827467, 921.6615697911055, 926.2654252928053, 924.9542787841257, 926.0936785447914, 924.6314295247809], [1095.0896228562083, 1098.0341423030034, 1103.5276507825633, 1100.1702091792351, 1098.7886791348296, 1094.3925579631584, 1095.8238140683732, 1095.3322636756818, 1095.3489681420717, 1096.3330470548433, 1098.151066334283, 1098.9691813071765, 1096.807924559925, 1095.2659088127718, 1097.2239982036567, 1095.830366904463, 1097.1051241947885, 1100.9964232469783, 1096.4037641236384, 1100.7511721481899]], "broadcast_mac_selected_slots": [[5.083350274446, 5.0174593618302, 4.9816696553098, 4.9230163417996, 4.9233950374163, 5.0162520064205, 4.9771053155485, 4.9709683833764, 4.9944067119457, 4.9552031714569, 5.0124298315958, 5.0330179182605, 5.0, 5.0048048048048, 5.0098196392786, 4.9984006397441, 5.0275487633219, 4.9350572443743, 5.0198795180723, 5.0324074074074], [49.309855985263, 50.6513075485876, 49.84265875076581, 49.1444894576776, 49.8748306621972, 48.948773118712204, 48.847774348006396, 49.155836834073604, 49.4959723646912, 49.5273150202636, 48.7657465153562, 48.661460580858204, 48.987528071140005, 48.5464613083764, 49.270995006214, 49.373861534178204, 48.32302449455041, 49.9879456167038, 49.3176285938618, 49.8572133238264], [96.2331245264387, 97.48693538155091, 97.3303635836773, 96.53067203447699, 95.7793102261529, 99.06666354747769, 96.9610142845495, 98.69386727396379, 97.98964208305401, 96.60917281075851, 98.62136572302259, 97.7510300817668, 97.51069677748299, 100.36038944503491, 96.64632080601561, 98.1863495933035, 98.2296125162287, 98.54994264957818, 98.3924669844831, 96.2499783639973], [196.361900599753, 191.286882752934, 191.35713365577752, 189.74510455470153, 194.6339408762915, 194.19063965095398, 193.835180306692, 189.95300621990603, 194.26373918984999, 196.6441782092025, 195.163141437833, 188.70611019757047, 196.97609540945052, 196.6447634667365, 191.792826210048, 190.0147771639075, 195.5898603699345, 193.82493418854352, 191.4947962682095, 194.9543817134035], [284.59306441125864, 285.1469498973093, 287.38623583739627, 281.45160517071866, 287.372007787265, 292.9813730252557, 287.47840745353074, 285.9618438268536, 284.5407993992196, 288.2514375168167, 282.4247024955573, 290.62545834470063, 288.1409828259947, 289.6568066824086, 286.41716552351033, 283.31214450252565, 287.8689864577426, 281.0144255915591, 285.24545482262965, 285.6533826287863], [384.79770079168776, 374.06495352803825, 372.967323084178, 382.2388243925735, 390.6810197597445, 371.48218266935044, 380.5205196193385, 374.95328304264325, 372.9452755587373, 379.77889171119, 376.815052128945, 375.0704265293788, 374.39606991578273, 375.36033980536894, 376.50168951984625, 381.6027128268145, 377.2255258756222, 378.27545845979546, 365.510938114741, 379.4522091479308], [465.09287128405276, 459.95395499084776, 465.8890163361036, 454.3822721874583, 457.20484680362796, 463.5830210159198, 469.82718077630096, 470.01218819359195, 472.31082070012127, 465.23758451328126, 451.22504613687687, 475.20973306905375, 470.3286849430983, 467.57444324657166, 460.5189539609198, 460.20728923267825, 460.416465408832, 458.4211617102084, 466.2617211914957, 460.13995777895224], [566.7565574761793, 549.8525144986629, 552.0139067004087, 546.471631075695, 553.1299924323047, 555.1659458020133, 561.2546283909488, 565.0460682450695, 549.2771843831098, 545.2237405510198, 556.762010468192, 557.7923414982835, 541.9271416525547, 559.7863104843043, 552.7413288888405, 559.1586278223288, 548.0833713625959, 541.2282725305952, 555.556866710821, 542.6999117088342]], "num_reps": 20,